{ 
  "_type": "Scene", 
  "_id": 1, 
  "pathtrace_opts": {
    "_type": "PathtraceOptions",
    "samples": 32,
  },
  "camera": { 
    "_type": "Camera", 
    "_id": 2, 
    "frame": { 
      "o": [ 0.000000, -3.000000, 0.500000 ], 
      "x": [ 1.000000, 0.000000, 0.000000 ], 
      "y": [ 0.000000, 0.000000, 1.000000 ], 
      "z": [ -0.000000, -1.000000, -0.000000 ]
    }, 
    "view_dist": 3.000000, 
    "image_width": 0.400000, 
    "image_height": 0.400000, 
    "image_dist": 1.000000, 
    "focus_dist": 1.000000, 
    "focus_aperture": 0.000000, 
    "orthographic": false
  }, 
  "lights": { 
    "_type": "LightGroup", 
    "_id": 3, 
    "lights": [ 
      { 
        "_type": "AreaLight", 
        "_id": 4, 
        "frame": { 
          "o": [ 0.000000, 0.000000, 0.999990 ], 
          "x": [ 1.000000, 0.000000, 0.000000 ], 
          "y": [ -0.000000, -1.000000, -0.000000 ], 
          "z": [ -0.000000, -0.000000, -1.000000 ]
        }, 
        "intensity": [ 16.000000, 16.000000, 16.000000 ], 
        "shape": { 
          "_type": "Quad", 
          "_id": 5, 
          "width": 0.250000, 
          "height": 0.250000
        }, 
        "shadow_samples": 16
      }
    ]
  }, 
  "prims": { 
    "_type": "PrimitiveGroup", 
    "_id": 6, 
    "prims": [ 
      { 
        "_type": "Surface", 
        "_id": 7, 
        "frame": { 
          "o": [ 0.000000, 0.000000, 0.000000 ], 
          "x": [ 1.000000, 0.000000, 0.000000 ], 
          "y": [ 0.000000, 1.000000, 0.000000 ], 
          "z": [ 0.000000, 0.000000, 1.000000 ]
        }, 
        "material": { 
          "_type": "Lambert", 
          "_id": 8, 
          "normal_texture": null, 
          "diffuse": [ 1.000000, 1.000000, 1.000000 ], 
          "diffuse_texture": null
        }, 
        "shape": { 
          "_type": "Quad", 
          "_id": 9, 
          "width": 1.000000, 
          "height": 1.000000
        }
      }, 
      { 
        "_type": "Surface", 
        "_id": 10, 
        "frame": { 
          "o": [ 0.000000, 0.000000, 1.000000 ], 
          "x": [ 1.000000, 0.000000, 0.000000 ], 
          "y": [ -0.000000, -1.000000, -0.000000 ], 
          "z": [ -0.000000, -0.000000, -1.000000 ]
        }, 
        "material": { 
          "_ref": 8
        }, 
        "shape": { 
          "_type": "Quad", 
          "_id": 11, 
          "width": 1.000000, 
          "height": 1.000000
        }
      }, 
      { 
        "_type": "Surface", 
        "_id": 12, 
        "frame": { 
          "o": [ 0.000000, 0.500000, 0.500000 ], 
          "x": [ 1.000000, 0.000000, 0.000000 ], 
          "y": [ 0.000000, 0.000000, 1.000000 ], 
          "z": [ -0.000000, -1.000000, -0.000000 ]
        }, 
        "material": { 
          "_ref": 8
        }, 
        "shape": { 
          "_type": "Quad", 
          "_id": 13, 
          "width": 1.000000, 
          "height": 1.000000
        }
      }, 
      { 
        "_type": "Surface", 
        "_id": 14, 
        "frame": { 
          "o": [ 0.500000, 0.000000, 0.500000 ], 
          "x": [ 0.000000, 0.000000, 1.000000 ], 
          "y": [ 0.000000, 1.000000, 0.000000 ], 
          "z": [ -1.000000, -0.000000, -0.000000 ]
        }, 
        "material": { 
          "_type": "Lambert", 
          "_id": 15, 
          "normal_texture": null, 
          "diffuse": [ 1.000000, 0.500000, 0.500000 ], 
          "diffuse_texture": null
        }, 
        "shape": { 
          "_type": "Quad", 
          "_id": 16, 
          "width": 1.000000, 
          "height": 1.000000
        }
      }, 
      { 
        "_type": "Surface", 
        "_id": 17, 
        "frame": { 
          "o": [ -0.500000, 0.000000, 0.500000 ], 
          "x": [ 0.000000, 0.000000, 1.000000 ], 
          "y": [ 0.000000, 1.000000, 0.000000 ], 
          "z": [ 1.000000, 0.000000, 0.000000 ]
        }, 
        "material": { 
          "_type": "Lambert", 
          "_id": 18, 
          "normal_texture": null, 
          "diffuse": [ 0.500000, 1.000000, 0.500000 ], 
          "diffuse_texture": null
        }, 
        "shape": { 
          "_type": "Quad", 
          "_id": 19, 
          "width": 1.000000, 
          "height": 1.000000
        }
      }, 
      { 
        "_type": "Surface", 
        "_id": 20, 
        "frame": { 
          "o": [ -0.167500, 0.157500, 0.300000 ], 
          "x": [ 1.000000, 0.000000, 0.000000 ], 
          "y": [ 0.300000, 0.100000, 0.000000 ], 
          "z": [ 0.000000, 0.000000, 1.000000 ]
        }, 
        "material": { 
          "_ref": 8
        }, 
        "shape": { 
          "_type": "Mesh", 
          "_id": 21, 
          "pos": [ -0.150000, -0.150000, -0.300000, -0.150000, 0.150000, -0.300000, 0.150000, 0.150000, -0.300000, 0.150000, -0.150000, -0.300000, -0.150000, -0.150000, 0.300000, -0.150000, 0.150000, 0.300000, 0.150000, 0.150000, 0.300000, 0.150000, -0.150000, 0.300000 ], 
          "norm": [  ], 
          "texcoord": [  ], 
          "triangle": [  ], 
          "quad": [ 0, 1, 2, 3, 7, 6, 5, 4, 4, 5, 1, 0, 6, 7, 3, 2, 2, 1, 5, 6, 0, 3, 7, 4 ]
        }
      }, 
      { 
        "_type": "Surface", 
        "_id": 22, 
        "frame": { 
          "o": [ 0.167500, -0.157500, 0.150000 ], 
          "x": [ 1.000000, 0.000000, 0.000000 ], 
          "y": [ 0.100000, 0.300000, 0.000000 ], 
          "z": [ 0.000000, 0.000000, 1.000000 ]
        }, 
        "material": { 
          "_ref": 8
        }, 
        "shape": { 
          "_type": "Mesh", 
          "_id": 23, 
          "pos": [ -0.150000, -0.150000, -0.150000, -0.150000, 0.150000, -0.150000, 0.150000, 0.150000, -0.150000, 0.150000, -0.150000, -0.150000, -0.150000, -0.150000, 0.150000, -0.150000, 0.150000, 0.150000, 0.150000, 0.150000, 0.150000, 0.150000, -0.150000, 0.150000 ], 
          "norm": [  ], 
          "texcoord": [  ], 
          "triangle": [  ], 
          "quad": [ 0, 1, 2, 3, 7, 6, 5, 4, 4, 5, 1, 0, 6, 7, 3, 2, 2, 1, 5, 6, 0, 3, 7, 4 ]
        }
      }, 
      { 
        "_type": "Surface", 
        "_id": 24, 
        "frame": { 
          "o": [ 0.000000, 0.000000, 0.999990 ], 
          "x": [ 1.000000, 0.000000, 0.000000 ], 
          "y": [ -0.000000, -1.000000, -0.000000 ], 
          "z": [ -0.000000, -0.000000, -1.000000 ]
        }, 
        "material": { 
          "_type": "LambertEmission", 
          "_id": 25, 
          "normal_texture": null, 
          "diffuse": [ 1.000000, 1.000000, 1.000000 ], 
          "diffuse_texture": null, 
          "emission": [ 16.000000, 16.000000, 16.000000 ], 
          "emission_texture": null
        }, 
        "shape": { 
          "_ref": 5
        }
      }
    ]
  }
}