{ 
  "_type": "Scene", 
  "draw_opts": {
    "_type": "DrawOptions",
    "cameralights": true,
  },
  "camera": { 
    "_type": "Camera", 
    "frame": { 
      "o": [ 4.623158, -6.340811, 0.895686 ], 
      "x": [ 0.808028, 0.589144, -0.000000 ], 
      "y": [ -0.066812, 0.091634, 0.993549 ], 
      "z": [ 0.585344, -0.802815, 0.113404 ]
    }, 
    "view_dist": 7.898217, 
    "image_width": 1.000000, 
    "image_height": 1.000000, 
    "image_dist": 1.000000, 
    "focus_dist": 6.708204, 
    "focus_aperture": 0.40000, 
    "orthographic": false
  }, 
  "lights": { 
    "_type": "LightGroup", 
    "lights": [ 
      { 
        "_type": "AreaLight", 
        "frame": { 
          "o": [ 2.000000, -2.000000, 4.000000 ], 
          "x": [ 1.000000, 0.000000, 0.000000 ], 
          "y": [ -0.000000, -1.000000, -0.000000 ], 
          "z": [ -0.000000, -0.000000, -1.000000 ]
        }, 
        "intensity": [ 4.000000, 4.000000, 4.000000 ], 
        "shape": { 
          "_type": "Quad", 
          "width": 2.000000, 
          "height": 2.000000
        }, 
        "shadow_samples": 16
      },
      { 
        "_type": "AreaLight", 
        "frame": { 
          "o": [ -2.000000, -2.000000, 4.000000 ], 
          "x": [ 1.000000, 0.000000, 0.000000 ], 
          "y": [ -0.000000, -1.000000, -0.000000 ], 
          "z": [ -0.000000, -0.000000, -1.000000 ]
        }, 
        "intensity": [ 4.000000, 4.000000, 4.000000 ], 
        "shape": { 
          "_type": "Quad", 
          "width": 2.000000, 
          "height": 2.000000
        }, 
        "shadow_samples": 16
      },
      { 
        "_type": "AreaLight", 
        "frame": { 
          "o": [ -2.000000, 0.000000, 0.000000 ], 
          "x": [ 1.000000, 0.000000, 0.000000 ], 
          "y": [ 0.000000, -1.000000, 0.000000 ], 
          "z": [ 0.000000, 0.000000, -1.000000 ]
        }, 
        "intensity": [ 100.000000, 70.000000, 70.000000 ],
        "shape": { 
          "_type": "Quad", 
          "width": 0.100000, 
          "height": 0.100000
        }, 
        "shadow_samples": 2
      },
      { 
        "_type": "AreaLight", 
        "frame": { 
          "o": [ 0.000000, 0.000000, 0.000000 ], 
          "x": [ 1.000000, 0.000000, 0.000000 ], 
          "y": [ 0.000000, -1.000000, 0.000000 ], 
          "z": [ 0.000000, 0.000000, -1.000000 ]
        }, 
        "intensity": [ 70.00000, 100.000000, 70.00000 ],
        "shape": { 
          "_type": "Quad", 
          "width": 0.100000, 
          "height": 0.100000
        }, 
        "shadow_samples": 2
      }, 
      { 
        "_type": "AreaLight", 
        "frame": { 
          "o": [ 2.000000, 0.000000, 0.000000 ], 
          "x": [ 1.000000, 0.000000, 0.000000 ], 
          "y": [ 0.000000, -1.000000, 0.000000 ], 
          "z": [ 0.000000, 0.000000, -1.000000 ]
        }, 
        "intensity": [ 70.00000, 70.00000, 100.000000 ],
        "shape": { 
          "_type": "Quad", 
          "width": 0.100000, 
          "height": 0.100000
        }, 
        "shadow_samples": 2
      }
    ]
  }, 
  "prims": { 
    "_type": "PrimitiveGroup", 
    "prims": [ 
      { 
        "_type": "Surface", 
        "frame": { 
          "o": [ -2.000000, 0.000000, 0.000000 ], 
          "x": [ 1.000000, 0.000000, 0.000000 ], 
          "y": [ 0.000000, 0.923880, -0.382683 ], 
          "z": [ -0.000000, 0.382683, 0.923880 ]
        }, 
        "material": { 
          "_type": "Lambert", 
          "normal_texture": null, 
          "diffuse": [ 1.000000, 0.700000, 0.700000 ], 
          "diffuse_texture": null, 
        }, 
        "shape": { 
          "_include": "helmet.json"
        }
      }, 
      { 
        "_type": "Surface", 
        "frame": { 
          "o": [ 0.000000, 0.000000, 0.000000 ], 
          "x": [ 1.000000, 0.000000, 0.000000 ], 
          "y": [ 0.000000, 0.923880, -0.382683 ], 
          "z": [ -0.000000, 0.382683, 0.923880 ]
        }, 
        "material": { 
          "_type": "Lambert", 
          "normal_texture": null, 
          "diffuse": [ 0.700000, 1.000000, 0.700000 ], 
          "diffuse_texture": null, 
        }, 
        "shape": { 
          "_include": "helmet.json"
        }
      }, 
      { 
        "_type": "Surface", 
        "frame": { 
          "o": [ 2.000000, 0.000000, 0.000000 ], 
          "x": [ 1.000000, 0.000000, 0.000000 ], 
          "y": [ 0.000000, 0.923880, -0.382683 ], 
          "z": [ -0.000000, 0.382683, 0.923880 ]
        }, 
        "material": { 
          "_type": "Lambert", 
          "normal_texture": null, 
          "diffuse": [ 0.700000, 0.700000, 1.000000 ], 
          "diffuse_texture": null, 
        }, 
        "shape": { 
          "_include": "helmet.json"
        }
      }, 
      { 
        "_type": "Surface", 
        "frame": { 
          "o": [ 0.000000, 0.000000, -1.000000 ], 
          "x": [ 1.000000, 0.000000, 0.000000 ], 
          "y": [ 0.000000, 1.000000, 0.000000 ], 
          "z": [ 0.000000, 0.000000, 1.000000 ]
        }, 
        "material": { 
          "_type": "Phong", 
          "normal_texture": null, 
          "diffuse": [ 0.800000, 0.800000, 0.800000 ], 
          "specular": [ 0.150000, 0.150000, 0.150000 ], 
          "reflection": [ 0.200000, 0.200000, 0.200000 ], 
          "blur_size": 0.1,
          "exponent": 100.000000, 
          "diffuse_texture": null, 
          "specular_texture": null, 
          "reflection_texture": null, 
          "exponent_texture": null, 
          "use_reflected": false
        }, 
        "shape": { 
          "_type": "Quad", 
          "width": 1000.000000, 
          "height": 1000.000000
        }
      },
    ]
  }
}