{ 
  "_type": "Scene", 
  "_id": 1, 
  "distribution_opts": {
    "_type": "DistributionRaytraceOptions",
    "samples": 32
  },
  "camera": { 
    "_type": "Camera", 
    "_id": 2, 
    "frame": { 
      "o": [ 10.000000, 10.000000, 10.000000 ], 
      "x": [ -0.707107, 0.707107, 0.000000 ], 
      "y": [ -0.408248, -0.408248, 0.816497 ], 
      "z": [ 0.577350, 0.577350, 0.577350 ]
    }, 
    "view_dist": 17.320509, 
    "image_width": 1.000000, 
    "image_height": 1.000000, 
    "image_dist": 1.000000, 
    "focus_dist": 1.000000, 
    "focus_aperture": 0.000000, 
    "orthographic": false,
    "shutter": 5.0,
  }, 
  "lights": { 
    "_type": "LightGroup", 
    "_id": 3, 
    "lights": [ 
      { 
        "_type": "PointLight", 
        "_id": 4, 
        "frame": { 
          "o": [ 0.000000, 5.000000, 5.000000 ], 
          "x": [ 1.000000, 0.000000, 0.000000 ], 
          "y": [ 0.000000, 1.000000, 0.000000 ], 
          "z": [ 0.000000, 0.000000, 1.000000 ]
        }, 
        "intensity": [ 50.000000, 50.000000, 50.000000 ]
      }
    ]
  }, 
  "prims": { 
    "_type": "PrimitiveGroup", 
    "_id": 5, 
    "intersect_accelerator_use": false,
    "prims": [ 
      { 
        "_type": "TransformedSurface", 
        "_id": 6, 
        "frame": { 
          "o": [ -4.500000, -1.500000, 0.000000 ], 
          "x": [ 1.000000, 0.000000, 0.000000 ], 
          "y": [ 0.000000, 1.000000, 0.000000 ], 
          "z": [ 0.000000, 0.000000, 1.000000 ]
        }, 
        "material": { 
          "_type": "Phong", 
          "_id": 7, 
          "normal_texture": null, 
          "diffuse": [ 0.750000, 0.750000, 0.750000 ], 
          "specular": [ 0.150000, 0.150000, 0.150000 ], 
          "reflection": [ 0.000000, 0.000000, 0.000000 ], 
          "exponent": 100.000000, 
          "diffuse_texture": null, 
          "specular_texture": null, 
          "reflection_texture": null, 
          "exponent_texture": null, 
          "use_reflected": false
        }, 
        "shape": { 
          "_type": "Mesh", 
          "_id": 8, 
          "pos": [ -1.000000, -1.000000, -1.000000, -1.000000, 1.000000, -1.000000, 1.000000, 1.000000, -1.000000, 1.000000, -1.000000, -1.000000, -1.000000, -1.000000, 1.000000, -1.000000, 1.000000, 1.000000, 1.000000, 1.000000, 1.000000, 1.000000, -1.000000, 1.000000 ], 
          "norm": [  ], 
          "texcoord": [  ], 
          "triangle": [  ], 
          "quad": [ 0, 1, 2, 3, 7, 6, 5, 4, 4, 5, 1, 0, 6, 7, 3, 2, 2, 1, 5, 6, 0, 3, 7, 4 ]
        }, 
        "pivot": { 
          "o": [ 0.000000, 0.000000, 0.000000 ], 
          "x": [ 1.000000, 0.000000, 0.000000 ], 
          "y": [ 0.000000, 1.000000, 0.000000 ], 
          "z": [ 0.000000, 0.000000, 1.000000 ]
        }, 
        "translation": [ 0.000000, 0.000000, 1.000000 ], 
        "scale": [ 1.000000, 1.000000, 1.000000 ], 
        "rotation_euler": [ 0.000000, 0.000000, 0.000000 ], 
        "anim_translation": null, 
        "anim_scale": null, 
        "anim_rotation_euler": null
      }, 
      { 
        "_type": "TransformedSurface", 
        "_id": 9, 
        "frame": { 
          "o": [ -1.500000, -1.500000, 0.000000 ], 
          "x": [ 1.000000, 0.000000, 0.000000 ], 
          "y": [ 0.000000, 1.000000, 0.000000 ], 
          "z": [ 0.000000, 0.000000, 1.000000 ]
        }, 
        "material": { 
          "_ref": 7
        }, 
        "shape": { 
          "_ref": 8
        }, 
        "pivot": { 
          "o": [ 0.000000, 0.000000, 0.000000 ], 
          "x": [ 1.000000, 0.000000, 0.000000 ], 
          "y": [ 0.000000, 1.000000, 0.000000 ], 
          "z": [ 0.000000, 0.000000, 1.000000 ]
        }, 
        "translation": [ 0.000000, 0.000000, 0.000000 ], 
        "scale": [ 1.000000, 1.000000, 1.000000 ], 
        "rotation_euler": [ 0.000000, 0.000000, 0.000000 ], 
        "anim_translation": { 
          "_type": "KeyframedValue", 
          "_id": 10, 
          "values": [ 0.000000, 0.000000, 0.000000, 0.000000, 0.000000, 1.000000 ], 
          "times": [ 0.000000, 5.000000 ], 
          "degree": 1
        }, 
        "anim_scale": null, 
        "anim_rotation_euler": null
      }, 
      { 
        "_type": "TransformedSurface", 
        "_id": 11, 
        "frame": { 
          "o": [ 1.500000, -1.500000, 0.000000 ], 
          "x": [ 1.000000, 0.000000, 0.000000 ], 
          "y": [ 0.000000, 1.000000, 0.000000 ], 
          "z": [ 0.000000, 0.000000, 1.000000 ]
        }, 
        "material": { 
          "_ref": 7
        }, 
        "shape": { 
          "_ref": 8
        }, 
        "pivot": { 
          "o": [ 0.000000, 0.000000, 0.000000 ], 
          "x": [ 1.000000, 0.000000, 0.000000 ], 
          "y": [ 0.000000, 1.000000, 0.000000 ], 
          "z": [ 0.000000, 0.000000, 1.000000 ]
        }, 
        "translation": [ 0.000000, 0.000000, 0.000000 ], 
        "scale": [ 0.750000, 0.750000, 0.750000 ], 
        "rotation_euler": [ 0.000000, 0.000000, 0.000000 ], 
        "anim_translation": null, 
        "anim_scale": null, 
        "anim_rotation_euler": null
      }, 
      { 
        "_type": "TransformedSurface", 
        "_id": 12, 
        "frame": { 
          "o": [ 4.500000, -1.500000, 0.000000 ], 
          "x": [ 1.000000, 0.000000, 0.000000 ], 
          "y": [ 0.000000, 1.000000, 0.000000 ], 
          "z": [ 0.000000, 0.000000, 1.000000 ]
        }, 
        "material": { 
          "_ref": 7
        }, 
        "shape": { 
          "_ref": 8
        }, 
        "pivot": { 
          "o": [ 0.000000, 0.000000, 0.000000 ], 
          "x": [ 1.000000, 0.000000, 0.000000 ], 
          "y": [ 0.000000, 1.000000, 0.000000 ], 
          "z": [ 0.000000, 0.000000, 1.000000 ]
        }, 
        "translation": [ 0.000000, 0.000000, 0.000000 ], 
        "scale": [ 1.000000, 1.000000, 1.000000 ], 
        "rotation_euler": [ 0.000000, 0.000000, 0.000000 ], 
        "anim_translation": null, 
        "anim_scale": { 
          "_type": "KeyframedValue", 
          "_id": 13, 
          "values": [ 1.000000, 1.000000, 1.000000, 0.750000, 0.750000, 0.750000 ], 
          "times": [ 0.000000, 5.000000 ], 
          "degree": 1
        }, 
        "anim_rotation_euler": null
      }, 
      { 
        "_type": "TransformedSurface", 
        "_id": 14, 
        "frame": { 
          "o": [ -4.500000, 1.500000, 0.000000 ], 
          "x": [ 1.000000, 0.000000, 0.000000 ], 
          "y": [ 0.000000, 1.000000, 0.000000 ], 
          "z": [ 0.000000, 0.000000, 1.000000 ]
        }, 
        "material": { 
          "_ref": 7
        }, 
        "shape": { 
          "_ref": 8
        }, 
        "pivot": { 
          "o": [ 0.000000, 0.000000, 0.000000 ], 
          "x": [ 1.000000, 0.000000, 0.000000 ], 
          "y": [ 0.000000, 1.000000, 0.000000 ], 
          "z": [ 0.000000, 0.000000, 1.000000 ]
        }, 
        "translation": [ 0.000000, 0.000000, 0.000000 ], 
        "scale": [ 1.000000, 1.000000, 2.000000 ], 
        "rotation_euler": [ 0.000000, 0.000000, 0.000000 ], 
        "anim_translation": null, 
        "anim_scale": null, 
        "anim_rotation_euler": null
      }, 
      { 
        "_type": "TransformedSurface", 
        "_id": 15, 
        "frame": { 
          "o": [ -1.500000, 1.500000, 0.000000 ], 
          "x": [ 1.000000, 0.000000, 0.000000 ], 
          "y": [ 0.000000, 1.000000, 0.000000 ], 
          "z": [ 0.000000, 0.000000, 1.000000 ]
        }, 
        "material": { 
          "_ref": 7
        }, 
        "shape": { 
          "_ref": 8
        }, 
        "pivot": { 
          "o": [ 0.000000, 0.000000, 0.000000 ], 
          "x": [ 1.000000, 0.000000, 0.000000 ], 
          "y": [ 0.000000, 1.000000, 0.000000 ], 
          "z": [ 0.000000, 0.000000, 1.000000 ]
        }, 
        "translation": [ 0.000000, 0.000000, 0.000000 ], 
        "scale": [ 1.000000, 1.000000, 1.000000 ], 
        "rotation_euler": [ 0.000000, 0.000000, 0.000000 ], 
        "anim_translation": null,