{ 
  "_type": "Scene", 
  "_id": 1, 
  "camera": { 
    "_type": "Camera", 
    "_id": 2, 
    "frame": { 
      "o": [ 0.000000, -6.000000, 3.000000 ], 
      "x": [ 1.000000, -0.000000, 0.000000 ], 
      "y": [ 0.000000, 0.447214, 0.894427 ], 
      "z": [ -0.000000, -0.894427, 0.447214 ]
    }, 
    "view_dist": 6.708204, 
    "image_width": 1.000000, 
    "image_height": 1.000000, 
    "image_dist": 1.000000, 
    "focus_dist": 6.708204, 
    "focus_aperture": 1.000000, 
    "orthographic": false
  }, 
  "lights": { 
    "_type": "LightGroup", 
    "_id": 3, 
    "lights": [ 
      { 
        "_type": "EnvLight", 
        "_id": 4, 
        "frame": { 
          "o": [ 0.000000, 0.000000, 0.000000 ], 
          "x": [ 1.000000, 0.000000, 0.000000 ], 
          "y": [ 0.000000, 1.000000, 0.000000 ], 
          "z": [ 0.000000, 0.000000, 1.000000 ]
        }, 
        "intensity": [ 1.000000, 1.000000, 1.000000 ], 
        "envmap": null, 
        "shadow_samples": 16, 
        "hemisphere": true
      }
    ]
  }, 
  "prims": { 
    "_type": "PrimitiveGroup", 
    "_id": 5, 
    "prims": [ 
      { 
        "_type": "Surface", 
        "_id": 6, 
        "frame": { 
          "o": [ 0.000000, 0.000000, 0.000000 ], 
          "x": [ 1.000000, 0.000000, 0.000000 ], 
          "y": [ 0.000000, 1.000000, 0.000000 ], 
          "z": [ 0.000000, 0.000000, 1.000000 ]
        }, 
        "material": { 
          "_type": "Lambert", 
          "_id": 7, 
          "normal_texture": null, 
          "diffuse": [ 1.000000, 0.700000, 0.700000 ], 
          "diffuse_texture": null
        }, 
        "shape": { 
          "_type": "Sphere", 
          "_id": 8, 
          "center": [ 1.000000, 0.000000, 0.000000 ], 
          "radius": 1.000000
        }
      }, 
      { 
        "_type": "Surface", 
        "_id": 9, 
        "frame": { 
          "o": [ 0.000000, 0.000000, 0.000000 ], 
          "x": [ 1.000000, 0.000000, 0.000000 ], 
          "y": [ 0.000000, 1.000000, 0.000000 ], 
          "z": [ 0.000000, 0.000000, 1.000000 ]
        }, 
        "material": { 
          "_type": "Lambert", 
          "_id": 10, 
          "normal_texture": null, 
          "diffuse": [ 0.700000, 1.000000, 0.700000 ], 
          "diffuse_texture": null
        }, 
        "shape": { 
          "_type": "Sphere", 
          "_id": 11, 
          "center": [ -1.500000, 1.000000, -0.250000 ], 
          "radius": 0.750000
        }
      }, 
      { 
        "_type": "Surface", 
        "_id": 12, 
        "frame": { 
          "o": [ 0.000000, 0.000000, -1.000000 ], 
          "x": [ 1.000000, 0.000000, 0.000000 ], 
          "y": [ 0.000000, 1.000000, 0.000000 ], 
          "z": [ 0.000000, 0.000000, 1.000000 ]
        }, 
        "material": { 
          "_type": "Lambert", 
          "_id": 13, 
          "normal_texture": null, 
          "diffuse": [ 0.800000, 0.800000, 0.800000 ], 
          "diffuse_texture": null
        }, 
        "shape": { 
          "_type": "Quad", 
          "_id": 14, 
          "width": 1000.000000, 
          "height": 1000.000000
        }
      }
    ]
  }
}